Data;11 - Taxa de juros - Selic - % a.d.;Selic Anualizada
02/01/2017;0,050788; 0,1375 
03/01/2017;0,050788; 0,1375 
04/01/2017;0,050788; 0,1375 
05/01/2017;0,050788; 0,1375 
06/01/2017;0,050788; 0,1375 
09/01/2017;0,050788; 0,1375 
10/01/2017;0,050788; 0,1375 
11/01/2017;0,050788; 0,1375 
12/01/2017;0,048159; 0,1300 
13/01/2017;0,048159; 0,1300 
16/01/2017;0,048159; 0,1300 
17/01/2017;0,048159; 0,1300 
18/01/2017;0,048159; 0,1300 
19/01/2017;0,048159; 0,1300 
20/01/2017;0,048159; 0,1300 
23/01/2017;0,048159; 0,1300 
24/01/2017;0,048159; 0,1300 
25/01/2017;0,048159; 0,1300 
26/01/2017;0,048159; 0,1300 
27/01/2017;0,048159; 0,1300 
30/01/2017;0,048159; 0,1300 
31/01/2017;0,048159; 0,1300 
01/02/2017;0,048159; 0,1300 
02/02/2017;0,048159; 0,1300 
03/02/2017;0,048159; 0,1300 
06/02/2017;0,048159; 0,1300 
07/02/2017;0,048159; 0,1300 
08/02/2017;0,048159; 0,1300 
09/02/2017;0,048159; 0,1300 
10/02/2017;0,048159; 0,1300 
13/02/2017;0,048159; 0,1300 
14/02/2017;0,048159; 0,1300 
15/02/2017;0,048159; 0,1300 
16/02/2017;0,048159; 0,1300 
17/02/2017;0,048159; 0,1300 
20/02/2017;0,048159; 0,1300 
21/02/2017;0,048159; 0,1300 
22/02/2017;0,048159; 0,1300 
23/02/2017;0,045513; 0,1225 
24/02/2017;0,045513; 0,1225 
01/03/2017;0,045513; 0,1225 
02/03/2017;0,045513; 0,1225 
03/03/2017;0,045513; 0,1225 
06/03/2017;0,045513; 0,1225 
07/03/2017;0,045513; 0,1225 
08/03/2017;0,045513; 0,1225 
09/03/2017;0,045513; 0,1225 
10/03/2017;0,045513; 0,1225 
13/03/2017;0,045513; 0,1225 
14/03/2017;0,045513; 0,1225 
15/03/2017;0,045513; 0,1225 
16/03/2017;0,045513; 0,1225 
17/03/2017;0,045513; 0,1225 
20/03/2017;0,045513; 0,1225 
21/03/2017;0,045513; 0,1225 
22/03/2017;0,045513; 0,1225 
23/03/2017;0,045513; 0,1225 
24/03/2017;0,045513; 0,1225 
27/03/2017;0,045513; 0,1225 
28/03/2017;0,045513; 0,1225 
29/03/2017;0,045513; 0,1225 
30/03/2017;0,045513; 0,1225 
31/03/2017;0,045513; 0,1225 
03/04/2017;0,045513; 0,1225 
04/04/2017;0,045513; 0,1225 
05/04/2017;0,045513; 0,1225 
06/04/2017;0,045513; 0,1225 
07/04/2017;0,045513; 0,1225 
10/04/2017;0,045513; 0,1225 
11/04/2017;0,045513; 0,1225 
12/04/2017;0,045513; 0,1225 
13/04/2017;0,041957; 0,1125 
17/04/2017;0,041957; 0,1125 
18/04/2017;0,041957; 0,1125 
19/04/2017;0,041957; 0,1125 
20/04/2017;0,041957; 0,1125 
24/04/2017;0,041957; 0,1125 
25/04/2017;0,041957; 0,1125 
26/04/2017;0,041957; 0,1125 
27/04/2017;0,041957; 0,1125 
28/04/2017;0,041957; 0,1125 
02/05/2017;0,041957; 0,1125 
03/05/2017;0,041957; 0,1125 
04/05/2017;0,041957; 0,1125 
05/05/2017;0,041957; 0,1125 
08/05/2017;0,041957; 0,1125 
09/05/2017;0,041957; 0,1125 
10/05/2017;0,041957; 0,1125 
11/05/2017;0,041957; 0,1125 
12/05/2017;0,041957; 0,1125 
15/05/2017;0,041957; 0,1125 
16/05/2017;0,041957; 0,1125 
17/05/2017;0,041957; 0,1125 
18/05/2017;0,041957; 0,1125 
19/05/2017;0,041957; 0,1125 
22/05/2017;0,041957; 0,1125 
23/05/2017;0,041957; 0,1125 
24/05/2017;0,041957; 0,1125 
25/05/2017;0,041957; 0,1125 
26/05/2017;0,041957; 0,1125 
29/05/2017;0,041957; 0,1125 
30/05/2017;0,041957; 0,1125 
31/05/2017;0,041957; 0,1125 
01/06/2017;0,03837; 0,1025 
02/06/2017;0,03837; 0,1025 
05/06/2017;0,03837; 0,1025 
06/06/2017;0,03837; 0,1025 
07/06/2017;0,03837; 0,1025 
08/06/2017;0,03837; 0,1025 
09/06/2017;0,03837; 0,1025 
12/06/2017;0,03837; 0,1025 
13/06/2017;0,03837; 0,1025 
14/06/2017;0,03837; 0,1025 
16/06/2017;0,03837; 0,1025 
19/06/2017;0,03837; 0,1025 
20/06/2017;0,03837; 0,1025 
21/06/2017;0,03837; 0,1025 
22/06/2017;0,03837; 0,1025 
23/06/2017;0,03837; 0,1025 
26/06/2017;0,03837; 0,1025 
27/06/2017;0,03837; 0,1025 
28/06/2017;0,03837; 0,1025 
29/06/2017;0,03837; 0,1025 
30/06/2017;0,03837; 0,1025 
03/07/2017;0,03837; 0,1025 
04/07/2017;0,03837; 0,1025 
05/07/2017;0,03837; 0,1025 
06/07/2017;0,03837; 0,1025 
07/07/2017;0,03837; 0,1025 
10/07/2017;0,03837; 0,1025 
11/07/2017;0,03837; 0,1025 
12/07/2017;0,03837; 0,1025 
13/07/2017;0,03837; 0,1025 
14/07/2017;0,03837; 0,1025 
17/07/2017;0,03837; 0,1025 
18/07/2017;0,03837; 0,1025 
19/07/2017;0,03837; 0,1025 
20/07/2017;0,03837; 0,1025 
21/07/2017;0,03837; 0,1025 
24/07/2017;0,03837; 0,1025 
25/07/2017;0,03837; 0,1025 
26/07/2017;0,03837; 0,1025 
27/07/2017;0,034749; 0,0925 
28/07/2017;0,034749; 0,0925 
31/07/2017;0,034749; 0,0925 
01/08/2017;0,034749; 0,0925 
02/08/2017;0,034749; 0,0925 
03/08/2017;0,034749; 0,0925 
04/08/2017;0,034749; 0,0925 
07/08/2017;0,034749; 0,0925 
08/08/2017;0,034749; 0,0925 
09/08/2017;0,034749; 0,0925 
10/08/2017;0,034749; 0,0925 
11/08/2017;0,034749; 0,0925 
14/08/2017;0,034749; 0,0925 
15/08/2017;0,034749; 0,0925 
16/08/2017;0,034749; 0,0925 
17/08/2017;0,034749; 0,0925 
18/08/2017;0,034749; 0,0925 
21/08/2017;0,034749; 0,0925 
22/08/2017;0,034749; 0,0925 
23/08/2017;0,034749; 0,0925 
24/08/2017;0,034749; 0,0925 
25/08/2017;0,034749; 0,0925 
28/08/2017;0,034749; 0,0925 
29/08/2017;0,034749; 0,0925 
30/08/2017;0,034749; 0,0925 
31/08/2017;0,034749; 0,0925 
01/09/2017;0,034749; 0,0925 
04/09/2017;0,034749; 0,0925 
05/09/2017;0,034749; 0,0925 
06/09/2017;0,034749; 0,0925 
08/09/2017;0,031096; 0,0825 
11/09/2017;0,031096; 0,0825 
12/09/2017;0,031096; 0,0825 
13/09/2017;0,031096; 0,0825 
14/09/2017;0,031096; 0,0825 
15/09/2017;0,031096; 0,0825 
18/09/2017;0,031096; 0,0825 
19/09/2017;0,031096; 0,0825 
20/09/2017;0,031096; 0,0825 
21/09/2017;0,031096; 0,0825 
22/09/2017;0,031096; 0,0825 
25/09/2017;0,031096; 0,0825 
26/09/2017;0,031096; 0,0825 
27/09/2017;0,031096; 0,0825 
28/09/2017;0,031096; 0,0825 
29/09/2017;0,031096; 0,0825 
02/10/2017;0,031096; 0,0825 
03/10/2017;0,031096; 0,0825 
04/10/2017;0,031096; 0,0825 
05/10/2017;0,031096; 0,0825 
06/10/2017;0,031096; 0,0825 
09/10/2017;0,031096; 0,0825 
10/10/2017;0,031096; 0,0825 
11/10/2017;0,031096; 0,0825 
13/10/2017;0,031096; 0,0825 
16/10/2017;0,031096; 0,0825 
17/10/2017;0,031096; 0,0825 
18/10/2017;0,031096; 0,0825 
19/10/2017;0,031096; 0,0825 
20/10/2017;0,031096; 0,0825 
23/10/2017;0,031096; 0,0825 
24/10/2017;0,031096; 0,0825 
25/10/2017;0,031096; 0,0825 
26/10/2017;0,028333; 0,0750 
27/10/2017;0,028333; 0,0750 
30/10/2017;0,028333; 0,0750 
31/10/2017;0,028333; 0,0750 
01/11/2017;0,028333; 0,0750 
03/11/2017;0,028333; 0,0750 
06/11/2017;0,028333; 0,0750 
07/11/2017;0,028333; 0,0750 
08/11/2017;0,028333; 0,0750 
09/11/2017;0,028333; 0,0750 
10/11/2017;0,028333; 0,0750 
13/11/2017;0,028333; 0,0750 
14/11/2017;0,028333; 0,0750 
16/11/2017;0,028333; 0,0750 
17/11/2017;0,028333; 0,0750 
20/11/2017;0,028333; 0,0750 
21/11/2017;0,028333; 0,0750 
22/11/2017;0,028333; 0,0750 
23/11/2017;0,028333; 0,0750 
24/11/2017;0,028333; 0,0750 
27/11/2017;0,028333; 0,0750 
28/11/2017;0,028333; 0,0750 
29/11/2017;0,028333; 0,0750 
30/11/2017;0,028333; 0,0750 
01/12/2017;0,028333; 0,0750 
04/12/2017;0,028333; 0,0750 
05/12/2017;0,028333; 0,0750 
06/12/2017;0,028333; 0,0750 
07/12/2017;0,026481; 0,0700 
08/12/2017;0,026481; 0,0700 
11/12/2017;0,026481; 0,0700 
12/12/2017;0,026481; 0,0700 
13/12/2017;0,026481; 0,0700 
14/12/2017;0,026481; 0,0700 
15/12/2017;0,026481; 0,0700 
18/12/2017;0,026481; 0,0700 
19/12/2017;0,026481; 0,0700 
20/12/2017;0,026481; 0,0700 
21/12/2017;0,026481; 0,0700 
22/12/2017;0,026481; 0,0700 
26/12/2017;0,026481; 0,0700 
27/12/2017;0,026481; 0,0700 
28/12/2017;0,026481; 0,0700 
29/12/2017;0,026481; 0,0700 
02/01/2018;0,026481; 0,0700 
03/01/2018;0,026481; 0,0700 
04/01/2018;0,026481; 0,0700 
05/01/2018;0,026481; 0,0700 
08/01/2018;0,026481; 0,0700 
09/01/2018;0,026481; 0,0700 
10/01/2018;0,026481; 0,0700 
11/01/2018;0,026481; 0,0700 
12/01/2018;0,026481; 0,0700 
15/01/2018;0,026481; 0,0700 
16/01/2018;0,026481; 0,0700 
17/01/2018;0,026481; 0,0700 
18/01/2018;0,026481; 0,0700 
19/01/2018;0,026481; 0,0700 
22/01/2018;0,026481; 0,0700 
23/01/2018;0,026481; 0,0700 
24/01/2018;0,026481; 0,0700 
25/01/2018;0,026481; 0,0700 
26/01/2018;0,026481; 0,0700 
29/01/2018;0,026481; 0,0700 
30/01/2018;0,026481; 0,0700 
31/01/2018;0,026481; 0,0700 
01/02/2018;0,026481; 0,0700 
02/02/2018;0,026481; 0,0700 
05/02/2018;0,026481; 0,0700 
06/02/2018;0,026481; 0,0700 
07/02/2018;0,026481; 0,0700 
08/02/2018;0,025552; 0,0675 
09/02/2018;0,025552; 0,0675 
14/02/2018;0,025552; 0,0675 
15/02/2018;0,025552; 0,0675 
16/02/2018;0,025552; 0,0675 
19/02/2018;0,025552; 0,0675 
20/02/2018;0,025552; 0,0675 
21/02/2018;0,025552; 0,0675 
22/02/2018;0,025552; 0,0675 
23/02/2018;0,025552; 0,0675 
26/02/2018;0,025552; 0,0675 
27/02/2018;0,025552; 0,0675 
28/02/2018;0,025552; 0,0675 
01/03/2018;0,025552; 0,0675 
02/03/2018;0,025552; 0,0675 
05/03/2018;0,025552; 0,0675 
06/03/2018;0,025552; 0,0675 
07/03/2018;0,025552; 0,0675 
08/03/2018;0,025552; 0,0675 
09/03/2018;0,025552; 0,0675 
12/03/2018;0,025552; 0,0675 
13/03/2018;0,025552; 0,0675 
14/03/2018;0,025552; 0,0675 
15/03/2018;0,025552; 0,0675 
16/03/2018;0,025552; 0,0675 
19/03/2018;0,025552; 0,0675 
20/03/2018;0,025552; 0,0675 
21/03/2018;0,025552; 0,0675 
22/03/2018;0,02462; 0,0650 
23/03/2018;0,02462; 0,0650 
26/03/2018;0,02462; 0,0650 
27/03/2018;0,02462; 0,0650 
28/03/2018;0,02462; 0,0650 
29/03/2018;0,02462; 0,0650 
02/04/2018;0,02462; 0,0650 
03/04/2018;0,02462; 0,0650 
04/04/2018;0,02462; 0,0650 
05/04/2018;0,02462; 0,0650 
06/04/2018;0,02462; 0,0650 
09/04/2018;0,02462; 0,0650 
10/04/2018;0,02462; 0,0650 
11/04/2018;0,02462; 0,0650 
12/04/2018;0,02462; 0,0650 
13/04/2018;0,02462; 0,0650 
16/04/2018;0,02462; 0,0650 
17/04/2018;0,02462; 0,0650 
18/04/2018;0,02462; 0,0650 
19/04/2018;0,02462; 0,0650 
20/04/2018;0,02462; 0,0650 
23/04/2018;0,02462; 0,0650 
24/04/2018;0,02462; 0,0650 
25/04/2018;0,02462; 0,0650 
26/04/2018;0,02462; 0,0650 
27/04/2018;0,02462; 0,0650 
30/04/2018;0,02462; 0,0650 
02/05/2018;0,02462; 0,0650 
03/05/2018;0,02462; 0,0650 
04/05/2018;0,02462; 0,0650 
07/05/2018;0,02462; 0,0650 
08/05/2018;0,02462; 0,0650 
09/05/2018;0,02462; 0,0650 
10/05/2018;0,02462; 0,0650 
11/05/2018;0,02462; 0,0650 
14/05/2018;0,02462; 0,0650 
15/05/2018;0,02462; 0,0650 
16/05/2018;0,02462; 0,0650 
17/05/2018;0,02462; 0,0650 
18/05/2018;0,02462; 0,0650 
21/05/2018;0,02462; 0,0650 
22/05/2018;0,02462; 0,0650 
23/05/2018;0,02462; 0,0650 
24/05/2018;0,02462; 0,0650 
25/05/2018;0,02462; 0,0650 
28/05/2018;0,02462; 0,0650 
29/05/2018;0,02462; 0,0650 
30/05/2018;0,02462; 0,0650 
01/06/2018;0,02462; 0,0650 
04/06/2018;0,02462; 0,0650 
05/06/2018;0,02462; 0,0650 
06/06/2018;0,02462; 0,0650 
07/06/2018;0,02462; 0,0650 
08/06/2018;0,02462; 0,0650 
11/06/2018;0,02462; 0,0650 
12/06/2018;0,02462; 0,0650 
13/06/2018;0,02462; 0,0650 
14/06/2018;0,02462; 0,0650 
15/06/2018;0,02462; 0,0650 
18/06/2018;0,02462; 0,0650 
19/06/2018;0,02462; 0,0650 
20/06/2018;0,02462; 0,0650 
21/06/2018;0,02462; 0,0650 
22/06/2018;0,02462; 0,0650 
25/06/2018;0,02462; 0,0650 
26/06/2018;0,02462; 0,0650 
27/06/2018;0,02462; 0,0650 
28/06/2018;0,02462; 0,0650 
29/06/2018;0,02462; 0,0650 
02/07/2018;0,02462; 0,0650 
03/07/2018;0,02462; 0,0650 
04/07/2018;0,02462; 0,0650 
05/07/2018;0,02462; 0,0650 
06/07/2018;0,02462; 0,0650 
09/07/2018;0,02462; 0,0650 
10/07/2018;0,02462; 0,0650 
11/07/2018;0,02462; 0,0650 
12/07/2018;0,02462; 0,0650 
13/07/2018;0,02462; 0,0650 
16/07/2018;0,02462; 0,0650 
17/07/2018;0,02462; 0,0650 
18/07/2018;0,02462; 0,0650 
19/07/2018;0,02462; 0,0650 
20/07/2018;0,02462; 0,0650 
23/07/2018;0,02462; 0,0650 
24/07/2018;0,02462; 0,0650 
25/07/2018;0,02462; 0,0650 
26/07/2018;0,02462; 0,0650 
27/07/2018;0,02462; 0,0650 
30/07/2018;0,02462; 0,0650 
31/07/2018;0,02462; 0,0650 
01/08/2018;0,02462; 0,0650 
02/08/2018;0,02462; 0,0650 
03/08/2018;0,02462; 0,0650 
06/08/2018;0,02462; 0,0650 
07/08/2018;0,02462; 0,0650 
08/08/2018;0,02462; 0,0650 
09/08/2018;0,02462; 0,0650 
10/08/2018;0,02462; 0,0650 
13/08/2018;0,02462; 0,0650 
14/08/2018;0,02462; 0,0650 
15/08/2018;0,02462; 0,0650 
16/08/2018;0,02462; 0,0650 
17/08/2018;0,02462; 0,0650 
20/08/2018;0,02462; 0,0650 
21/08/2018;0,02462; 0,0650 
22/08/2018;0,02462; 0,0650 
23/08/2018;0,02462; 0,0650 
24/08/2018;0,02462; 0,0650 
27/08/2018;0,02462; 0,0650 
28/08/2018;0,02462; 0,0650 
29/08/2018;0,02462; 0,0650 
30/08/2018;0,02462; 0,0650 
31/08/2018;0,02462; 0,0650 
03/09/2018;0,02462; 0,0650 
04/09/2018;0,02462; 0,0650 
05/09/2018;0,02462; 0,0650 
06/09/2018;0,02462; 0,0650 
10/09/2018;0,02462; 0,0650 
11/09/2018;0,02462; 0,0650 
12/09/2018;0,02462; 0,0650 
13/09/2018;0,02462; 0,0650 
14/09/2018;0,02462; 0,0650 
17/09/2018;0,02462; 0,0650 
18/09/2018;0,02462; 0,0650 
19/09/2018;0,02462; 0,0650 
20/09/2018;0,02462; 0,0650 
21/09/2018;0,02462; 0,0650 
24/09/2018;0,02462; 0,0650 
25/09/2018;0,02462; 0,0650 
26/09/2018;0,02462; 0,0650 
27/09/2018;0,02462; 0,0650 
28/09/2018;0,02462; 0,0650 
01/10/2018;0,02462; 0,0650 
02/10/2018;0,02462; 0,0650 
03/10/2018;0,02462; 0,0650 
04/10/2018;0,02462; 0,0650 
05/10/2018;0,02462; 0,0650 
08/10/2018;0,02462; 0,0650 
09/10/2018;0,02462; 0,0650 
10/10/2018;0,02462; 0,0650 
11/10/2018;0,02462; 0,0650 
15/10/2018;0,02462; 0,0650 
16/10/2018;0,02462; 0,0650 
17/10/2018;0,02462; 0,0650 
18/10/2018;0,02462; 0,0650 
19/10/2018;0,02462; 0,0650 
22/10/2018;0,02462; 0,0650 
23/10/2018;0,02462; 0,0650 
24/10/2018;0,02462; 0,0650 
25/10/2018;0,02462; 0,0650 
26/10/2018;0,02462; 0,0650 
29/10/2018;0,02462; 0,0650 
30/10/2018;0,02462; 0,0650 
31/10/2018;0,02462; 0,0650 
01/11/2018;0,02462; 0,0650 
05/11/2018;0,02462; 0,0650 
06/11/2018;0,02462; 0,0650 
07/11/2018;0,02462; 0,0650 
08/11/2018;0,02462; 0,0650 
09/11/2018;0,02462; 0,0650 
12/11/2018;0,02462; 0,0650 
13/11/2018;0,02462; 0,0650 
14/11/2018;0,02462; 0,0650 
16/11/2018;0,02462; 0,0650 
19/11/2018;0,02462; 0,0650 
20/11/2018;0,02462; 0,0650 
21/11/2018;0,02462; 0,0650 
22/11/2018;0,02462; 0,0650 
23/11/2018;0,02462; 0,0650 
26/11/2018;0,02462; 0,0650 
27/11/2018;0,02462; 0,0650 
28/11/2018;0,02462; 0,0650 
29/11/2018;0,02462; 0,0650 
30/11/2018;0,02462; 0,0650 
03/12/2018;0,02462; 0,0650 
04/12/2018;0,02462; 0,0650 
05/12/2018;0,02462; 0,0650 
06/12/2018;0,02462; 0,0650 
07/12/2018;0,02462; 0,0650 
10/12/2018;0,02462; 0,0650 
11/12/2018;0,02462; 0,0650 
12/12/2018;0,02462; 0,0650 
13/12/2018;0,02462; 0,0650 
14/12/2018;0,02462; 0,0650 
17/12/2018;0,02462; 0,0650 
18/12/2018;0,02462; 0,0650 
19/12/2018;0,02462; 0,0650 
20/12/2018;0,02462; 0,0650 
21/12/2018;0,02462; 0,0650 
24/12/2018;0,02462; 0,0650 
26/12/2018;0,02462; 0,0650 
27/12/2018;0,02462; 0,0650 
28/12/2018;0,02462; 0,0650 
31/12/2018;0,02462; 0,0650 
02/01/2019;0,02462; 0,0650 
03/01/2019;0,02462; 0,0650 
04/01/2019;0,02462; 0,0650 
07/01/2019;0,02462; 0,0650 
08/01/2019;0,02462; 0,0650 
09/01/2019;0,02462; 0,0650 
10/01/2019;0,02462; 0,0650 
11/01/2019;0,02462; 0,0650 
14/01/2019;0,02462; 0,0650 
15/01/2019;0,02462; 0,0650 
16/01/2019;0,02462; 0,0650 
17/01/2019;0,02462; 0,0650 
18/01/2019;0,02462; 0,0650 
21/01/2019;0,02462; 0,0650 
22/01/2019;0,02462; 0,0650 
23/01/2019;0,02462; 0,0650 
24/01/2019;0,02462; 0,0650 
25/01/2019;0,02462; 0,0650 
28/01/2019;0,02462; 0,0650 
29/01/2019;0,02462; 0,0650 
30/01/2019;0,02462; 0,0650 
31/01/2019;0,02462; 0,0650 
01/02/2019;0,02462; 0,0650 
04/02/2019;0,02462; 0,0650 
05/02/2019;0,02462; 0,0650 
06/02/2019;0,02462; 0,0650 
07/02/2019;0,02462; 0,0650 
08/02/2019;0,02462; 0,0650 
11/02/2019;0,02462; 0,0650 
12/02/2019;0,02462; 0,0650 
13/02/2019;0,02462; 0,0650 
14/02/2019;0,02462; 0,0650 
15/02/2019;0,02462; 0,0650 
18/02/2019;0,02462; 0,0650 
19/02/2019;0,02462; 0,0650 
20/02/2019;0,02462; 0,0650 
21/02/2019;0,02462; 0,0650 
22/02/2019;0,02462; 0,0650 
25/02/2019;0,02462; 0,0650 
26/02/2019;0,02462; 0,0650 
27/02/2019;0,02462; 0,0650 
28/02/2019;0,02462; 0,0650 
01/03/2019;0,02462; 0,0650 
06/03/2019;0,02462; 0,0650 
07/03/2019;0,02462; 0,0650 
08/03/2019;0,02462; 0,0650 
11/03/2019;0,02462; 0,0650 
12/03/2019;0,02462; 0,0650 
13/03/2019;0,02462; 0,0650 
14/03/2019;0,02462; 0,0650 
15/03/2019;0,02462; 0,0650 
18/03/2019;0,02462; 0,0650 
19/03/2019;0,02462; 0,0650 
20/03/2019;0,02462; 0,0650 
21/03/2019;0,02462; 0,0650 
22/03/2019;0,02462; 0,0650 
25/03/2019;0,02462; 0,0650 
26/03/2019;0,02462; 0,0650 
27/03/2019;0,02462; 0,0650 
28/03/2019;0,02462; 0,0650 
29/03/2019;0,02462; 0,0650 
01/04/2019;0,02462; 0,0650 
02/04/2019;0,02462; 0,0650 
03/04/2019;0,02462; 0,0650 
04/04/2019;0,02462; 0,0650 
05/04/2019;0,02462; 0,0650 
08/04/2019;0,02462; 0,0650 
09/04/2019;0,02462; 0,0650 
10/04/2019;0,02462; 0,0650 
11/04/2019;0,02462; 0,0650 
12/04/2019;0,02462; 0,0650 
15/04/2019;0,02462; 0,0650 
16/04/2019;0,02462; 0,0650 
17/04/2019;0,02462; 0,0650 
18/04/2019;0,02462; 0,0650 
22/04/2019;0,02462; 0,0650 
23/04/2019;0,02462; 0,0650 
24/04/2019;0,02462; 0,0650 
25/04/2019;0,02462; 0,0650 
26/04/2019;0,02462; 0,0650 
29/04/2019;0,02462; 0,0650 
30/04/2019;0,02462; 0,0650 
02/05/2019;0,02462; 0,0650 
03/05/2019;0,02462; 0,0650 
06/05/2019;0,02462; 0,0650 
07/05/2019;0,02462; 0,0650 
08/05/2019;0,02462; 0,0650 
09/05/2019;0,02462; 0,0650 
10/05/2019;0,02462; 0,0650 
13/05/2019;0,02462; 0,0650 
14/05/2019;0,02462; 0,0650 
15/05/2019;0,02462; 0,0650 
16/05/2019;0,02462; 0,0650 
17/05/2019;0,02462; 0,0650 
20/05/2019;0,02462; 0,0650 
21/05/2019;0,02462; 0,0650 
22/05/2019;0,02462; 0,0650 
23/05/2019;0,02462; 0,0650 
24/05/2019;0,02462; 0,0650 
27/05/2019;0,02462; 0,0650 
28/05/2019;0,02462; 0,0650 
29/05/2019;0,02462; 0,0650 
30/05/2019;0,02462; 0,0650 
31/05/2019;0,02462; 0,0650 
03/06/2019;0,02462; 0,0650 
04/06/2019;0,02462; 0,0650 
05/06/2019;0,02462; 0,0650 
06/06/2019;0,02462; 0,0650 
07/06/2019;0,02462; 0,0650 
10/06/2019;0,02462; 0,0650 
11/06/2019;0,02462; 0,0650 
12/06/2019;0,02462; 0,0650 
13/06/2019;0,02462; 0,0650 
14/06/2019;0,02462; 0,0650 
17/06/2019;0,02462; 0,0650 
18/06/2019;0,02462; 0,0650 
19/06/2019;0,02462; 0,0650 
21/06/2019;0,02462; 0,0650 
24/06/2019;0,02462; 0,0650 
25/06/2019;0,02462; 0,0650 
26/06/2019;0,02462; 0,0650 
27/06/2019;0,02462; 0,0650 
28/06/2019;0,02462; 0,0650 
01/07/2019;0,02462; 0,0650 
02/07/2019;0,02462; 0,0650 
03/07/2019;0,02462; 0,0650 
04/07/2019;0,02462; 0,0650 
05/07/2019;0,02462; 0,0650 
08/07/2019;0,02462; 0,0650 
09/07/2019;0,02462; 0,0650 
10/07/2019;0,02462; 0,0650 
11/07/2019;0,02462; 0,0650 
12/07/2019;0,02462; 0,0650 
15/07/2019;0,02462; 0,0650 
16/07/2019;0,02462; 0,0650 
17/07/2019;0,02462; 0,0650 
18/07/2019;0,02462; 0,0650 
19/07/2019;0,02462; 0,0650 
22/07/2019;0,02462; 0,0650 
23/07/2019;0,02462; 0,0650 
24/07/2019;0,02462; 0,0650 
25/07/2019;0,02462; 0,0650 
26/07/2019;0,02462; 0,0650 
29/07/2019;0,02462; 0,0650 
30/07/2019;0,02462; 0,0650 
31/07/2019;0,02462; 0,0650 
01/08/2019;0,022751; 0,0600 
02/08/2019;0,022751; 0,0600 
05/08/2019;0,022751; 0,0600 
06/08/2019;0,022751; 0,0600 
07/08/2019;0,022751; 0,0600 
08/08/2019;0,022751; 0,0600 
09/08/2019;0,022751; 0,0600 
12/08/2019;0,022751; 0,0600 
13/08/2019;0,022751; 0,0600 
14/08/2019;0,022751; 0,0600 
15/08/2019;0,022751; 0,0600 
16/08/2019;0,022751; 0,0600 
19/08/2019;0,022751; 0,0600 
20/08/2019;0,022751; 0,0600 
21/08/2019;0,022751; 0,0600 
22/08/2019;0,022751; 0,0600 
23/08/2019;0,022751; 0,0600 
26/08/2019;0,022751; 0,0600 
27/08/2019;0,022751; 0,0600 
28/08/2019;0,022751; 0,0600 
29/08/2019;0,022751; 0,0600 
30/08/2019;0,022751; 0,0600 
02/09/2019;0,022751; 0,0600 
03/09/2019;0,022751; 0,0600 
04/09/2019;0,022751; 0,0600 
05/09/2019;0,022751; 0,0600 
06/09/2019;0,022751; 0,0600 
09/09/2019;0,022751; 0,0600 
10/09/2019;0,022751; 0,0600 
11/09/2019;0,022751; 0,0600 
12/09/2019;0,022751; 0,0600 
13/09/2019;0,022751; 0,0600 
16/09/2019;0,022751; 0,0600 
17/09/2019;0,022751; 0,0600 
18/09/2019;0,022751; 0,0600 
19/09/2019;0,020872; 0,0550 
20/09/2019;0,020872; 0,0550 
23/09/2019;0,020872; 0,0550 
24/09/2019;0,020872; 0,0550 
25/09/2019;0,020872; 0,0550 
26/09/2019;0,020872; 0,0550 
27/09/2019;0,020872; 0,0550 
30/09/2019;0,020872; 0,0550 
01/10/2019;0,020872; 0,0550 
02/10/2019;0,020872; 0,0550 
03/10/2019;0,020872; 0,0550 
04/10/2019;0,020872; 0,0550 
07/10/2019;0,020872; 0,0550 
08/10/2019;0,020872; 0,0550 
09/10/2019;0,020872; 0,0550 
10/10/2019;0,020872; 0,0550 
11/10/2019;0,020872; 0,0550 
14/10/2019;0,020872; 0,0550 
15/10/2019;0,020872; 0,0550 
16/10/2019;0,020872; 0,0550 
17/10/2019;0,020872; 0,0550 
18/10/2019;0,020872; 0,0550 
21/10/2019;0,020872; 0,0550 
22/10/2019;0,020872; 0,0550 
23/10/2019;0,020872; 0,0550 
24/10/2019;0,020872; 0,0550 
25/10/2019;0,020872; 0,0550 
28/10/2019;0,020872; 0,0550 
29/10/2019;0,020872; 0,0550 
30/10/2019;0,020872; 0,0550 
31/10/2019;0,018985; 0,0500 
01/11/2019;0,018985; 0,0500 
04/11/2019;0,018985; 0,0500 
05/11/2019;0,018985; 0,0500 
06/11/2019;0,018985; 0,0500 
07/11/2019;0,018985; 0,0500 
08/11/2019;0,018985; 0,0500 
11/11/2019;0,018985; 0,0500 
12/11/2019;0,018985; 0,0500 
13/11/2019;0,018985; 0,0500 
14/11/2019;0,018985; 0,0500 
18/11/2019;0,018985; 0,0500 
19/11/2019;0,018985; 0,0500 
20/11/2019;0,018985; 0,0500 
21/11/2019;0,018985; 0,0500 
22/11/2019;0,018985; 0,0500 
25/11/2019;0,018985; 0,0500 
26/11/2019;0,018985; 0,0500 
27/11/2019;0,018985; 0,0500 
28/11/2019;0,018985; 0,0500 
29/11/2019;0,018985; 0,0500 
02/12/2019;0,018985; 0,0500 
03/12/2019;0,018985; 0,0500 
04/12/2019;0,018985; 0,0500 
05/12/2019;0,018985; 0,0500 
06/12/2019;0,018985; 0,0500 
09/12/2019;0,018985; 0,0500 
10/12/2019;0,018985; 0,0500 
11/12/2019;0,018985; 0,0500 
12/12/2019;0,017089; 0,0450 
13/12/2019;0,017089; 0,0450 
16/12/2019;0,017089; 0,0450 
17/12/2019;0,017089; 0,0450 
18/12/2019;0,017089; 0,0450 
19/12/2019;0,017089; 0,0450 
20/12/2019;0,017089; 0,0450 
23/12/2019;0,017089; 0,0450 
24/12/2019;0,017089; 0,0450 
26/12/2019;0,017089; 0,0450 
27/12/2019;0,017089; 0,0450 
30/12/2019;0,017089; 0,0450 
31/12/2019;0,017089; 0,0450 
02/01/2020;0,017089; 0,0450 
03/01/2020;0,017089; 0,0450 
06/01/2020;0,017089; 0,0450 
07/01/2020;0,017089; 0,0450 
08/01/2020;0,017089; 0,0450 
09/01/2020;0,017089; 0,0450 
10/01/2020;0,017089; 0,0450 
13/01/2020;0,017089; 0,0450 
14/01/2020;0,017089; 0,0450 
15/01/2020;0,017089; 0,0450 
16/01/2020;0,017089; 0,0450 
17/01/2020;0,017089; 0,0450 
20/01/2020;0,017089; 0,0450 
21/01/2020;0,017089; 0,0450 
22/01/2020;0,017089; 0,0450 
23/01/2020;0,017089; 0,0450 
24/01/2020;0,017089; 0,0450 
27/01/2020;0,017089; 0,0450 
28/01/2020;0,017089; 0,0450 
29/01/2020;0,017089; 0,0450 
30/01/2020;0,017089; 0,0450 
31/01/2020;0,017089; 0,0450 
03/02/2020;0,017089; 0,0450 
04/02/2020;0,017089; 0,0450 
05/02/2020;0,017089; 0,0450 
06/02/2020;0,016137; 0,0425 
07/02/2020;0,016137; 0,0425 
10/02/2020;0,016137; 0,0425 
11/02/2020;0,016137; 0,0425 
12/02/2020;0,016137; 0,0425 
13/02/2020;0,016137; 0,0425 
14/02/2020;0,016137; 0,0425 
17/02/2020;0,016137; 0,0425 
18/02/2020;0,016137; 0,0425 
19/02/2020;0,016137; 0,0425 
20/02/2020;0,016137; 0,0425 
21/02/2020;0,016137; 0,0425 
26/02/2020;0,016137; 0,0425 
27/02/2020;0,016137; 0,0425 
28/02/2020;0,016137; 0,0425 
02/03/2020;0,016137; 0,0425 
03/03/2020;0,016137; 0,0425 
04/03/2020;0,016137; 0,0425 
05/03/2020;0,016137; 0,0425 
06/03/2020;0,016137; 0,0425 
09/03/2020;0,016137; 0,0425 
10/03/2020;0,016137; 0,0425 
11/03/2020;0,016137; 0,0425 
12/03/2020;0,016137; 0,0425 
13/03/2020;0,016137; 0,0425 
16/03/2020;0,016137; 0,0425 
17/03/2020;0,016137; 0,0425 
18/03/2020;0,016137; 0,0425 
19/03/2020;0,014227; 0,0375 
20/03/2020;0,014227; 0,0375 
23/03/2020;0,014227; 0,0375 
24/03/2020;0,014227; 0,0375 
25/03/2020;0,014227; 0,0375 
26/03/2020;0,014227; 0,0375 
27/03/2020;0,014227; 0,0375 
30/03/2020;0,014227; 0,0375 
31/03/2020;0,014227; 0,0375 
01/04/2020;0,014227; 0,0375 
02/04/2020;0,014227; 0,0375 
03/04/2020;0,014227; 0,0375 
06/04/2020;0,014227; 0,0375 
07/04/2020;0,014227; 0,0375 
08/04/2020;0,014227; 0,0375 
09/04/2020;0,014227; 0,0375 
13/04/2020;0,014227; 0,0375 
14/04/2020;0,014227; 0,0375 
15/04/2020;0,014227; 0,0375 
16/04/2020;0,014227; 0,0375 
17/04/2020;0,014227; 0,0375 
20/04/2020;0,014227; 0,0375 
22/04/2020;0,014227; 0,0375 
23/04/2020;0,014227; 0,0375 
24/04/2020;0,014227; 0,0375 
27/04/2020;0,014227; 0,0375 
28/04/2020;0,014227; 0,0375 
29/04/2020;0,014227; 0,0375 
30/04/2020;0,014227; 0,0375 
04/05/2020;0,014227; 0,0375 
05/05/2020;0,014227; 0,0375 
06/05/2020;0,014227; 0,0375 
07/05/2020;0,011345; 0,0300 
08/05/2020;0,011345; 0,0300 
11/05/2020;0,011345; 0,0300 
12/05/2020;0,011345; 0,0300 
13/05/2020;0,011345; 0,0300 
14/05/2020;0,011345; 0,0300 
15/05/2020;0,011345; 0,0300 
18/05/2020;0,011345; 0,0300 
19/05/2020;0,011345; 0,0300 
20/05/2020;0,011345; 0,0300 
21/05/2020;0,011345; 0,0300 
22/05/2020;0,011345; 0,0300 
25/05/2020;0,011345; 0,0300 
26/05/2020;0,011345; 0,0300 
27/05/2020;0,011345; 0,0300 
28/05/2020;0,011345; 0,0300 
29/05/2020;0,011345; 0,0300 
01/06/2020;0,011345; 0,0300 
02/06/2020;0,011345; 0,0300 
03/06/2020;0,011345; 0,0300 
04/06/2020;0,011345; 0,0300 
05/06/2020;0,011345; 0,0300 
08/06/2020;0,011345; 0,0300 
09/06/2020;0,011345; 0,0300 
10/06/2020;0,011345; 0,0300 
12/06/2020;0,011345; 0,0300 
15/06/2020;0,011345; 0,0300 
16/06/2020;0,011345; 0,0300 
17/06/2020;0,011345; 0,0300 
18/06/2020;0,008442; 0,0225 
19/06/2020;0,008442; 0,0225 
22/06/2020;0,008442; 0,0225 
23/06/2020;0,008442; 0,0225 
24/06/2020;0,008442; 0,0225 
25/06/2020;0,008442; 0,0225 
26/06/2020;0,008442; 0,0225 
29/06/2020;0,008442; 0,0225 
30/06/2020;0,008442; 0,0225 
01/07/2020;0,008442; 0,0225 
02/07/2020;0,008442; 0,0225 
03/07/2020;0,008442; 0,0225 
06/07/2020;0,008442; 0,0225 
07/07/2020;0,008442; 0,0225 
08/07/2020;0,008442; 0,0225 
09/07/2020;0,008442; 0,0225 
10/07/2020;0,008442; 0,0225 
13/07/2020;0,008442; 0,0225 
14/07/2020;0,008442; 0,0225 
15/07/2020;0,008442; 0,0225 
16/07/2020;0,008442; 0,0225 
17/07/2020;0,008442; 0,0225 
20/07/2020;0,008442; 0,0225 
21/07/2020;0,008442; 0,0225 
22/07/2020;0,008442; 0,0225 
23/07/2020;0,008442; 0,0225 
24/07/2020;0,008442; 0,0225 
27/07/2020;0,008442; 0,0225 
28/07/2020;0,008442; 0,0225 
29/07/2020;0,008442; 0,0225 
30/07/2020;0,008442; 0,0225 
31/07/2020;0,008442; 0,0225 
03/08/2020;0,008442; 0,0225 
04/08/2020;0,008442; 0,0225 
05/08/2020;0,008442; 0,0225 
06/08/2020;0,007469; 0,0200 
07/08/2020;0,007469; 0,0200 
10/08/2020;0,007469; 0,0200 
11/08/2020;0,007469; 0,0200 
12/08/2020;0,007469; 0,0200 
13/08/2020;0,007469; 0,0200 
14/08/2020;0,007469; 0,0200 
17/08/2020;0,007469; 0,0200 
18/08/2020;0,007469; 0,0200 
19/08/2020;0,007469; 0,0200 
20/08/2020;0,007469; 0,0200 
21/08/2020;0,007469; 0,0200 
24/08/2020;0,007469; 0,0200 
25/08/2020;0,007469; 0,0200 
26/08/2020;0,007469; 0,0200 
27/08/2020;0,007469; 0,0200 
28/08/2020;0,007469; 0,0200 
31/08/2020;0,007469; 0,0200 
01/09/2020;0,007469; 0,0200 
02/09/2020;0,007469; 0,0200 
03/09/2020;0,007469; 0,0200 
04/09/2020;0,007469; 0,0200 
08/09/2020;0,007469; 0,0200 
09/09/2020;0,007469; 0,0200 
10/09/2020;0,007469; 0,0200 
11/09/2020;0,007469; 0,0200 
14/09/2020;0,007469; 0,0200 
15/09/2020;0,007469; 0,0200 
16/09/2020;0,007469; 0,0200 
17/09/2020;0,007469; 0,0200 
18/09/2020;0,007469; 0,0200 
21/09/2020;0,007469; 0,0200 
22/09/2020;0,007469; 0,0200 
23/09/2020;0,007469; 0,0200 
24/09/2020;0,007469; 0,0200 
25/09/2020;0,007469; 0,0200 
28/09/2020;0,007469; 0,0200 
29/09/2020;0,007469; 0,0200 
30/09/2020;0,007469; 0,0200 
01/10/2020;0,007469; 0,0200 
02/10/2020;0,007469; 0,0200 
05/10/2020;0,007469; 0,0200 
06/10/2020;0,007469; 0,0200 
07/10/2020;0,007469; 0,0200 
08/10/2020;0,007469; 0,0200 
09/10/2020;0,007469; 0,0200 
13/10/2020;0,007469; 0,0200 
14/10/2020;0,007469; 0,0200 
15/10/2020;0,007469; 0,0200 
16/10/2020;0,007469; 0,0200 
19/10/2020;0,007469; 0,0200 
20/10/2020;0,007469; 0,0200 
21/10/2020;0,007469; 0,0200 
22/10/2020;0,007469; 0,0200 
23/10/2020;0,007469; 0,0200 
26/10/2020;0,007469; 0,0200 
27/10/2020;0,007469; 0,0200 
28/10/2020;0,007469; 0,0200 
29/10/2020;0,007469; 0,0200 
30/10/2020;0,007469; 0,0200 
03/11/2020;0,007469; 0,0200 
04/11/2020;0,007469; 0,0200 
05/11/2020;0,007469; 0,0200 
06/11/2020;0,007469; 0,0200 
09/11/2020;0,007469; 0,0200 
10/11/2020;0,007469; 0,0200 
11/11/2020;0,007469; 0,0200 
12/11/2020;0,007469; 0,0200 
13/11/2020;0,007469; 0,0200 
16/11/2020;0,007469; 0,0200 
17/11/2020;0,007469; 0,0200 
18/11/2020;0,007469; 0,0200 
19/11/2020;0,007469; 0,0200 
20/11/2020;0,007469; 0,0200 
23/11/2020;0,007469; 0,0200 
24/11/2020;0,007469; 0,0200 
25/11/2020;0,007469; 0,0200 
26/11/2020;0,007469; 0,0200 
27/11/2020;0,007469; 0,0200 
30/11/2020;0,007469; 0,0200 
01/12/2020;0,007469; 0,0200 
02/12/2020;0,007469; 0,0200 
03/12/2020;0,007469; 0,0200 
04/12/2020;0,007469; 0,0200 
07/12/2020;0,007469; 0,0200 
08/12/2020;0,007469; 0,0200 
09/12/2020;0,007469; 0,0200 
10/12/2020;0,007469; 0,0200 
11/12/2020;0,007469; 0,0200 
14/12/2020;0,007469; 0,0200 
15/12/2020;0,007469; 0,0200 
16/12/2020;0,007469; 0,0200 
17/12/2020;0,007469; 0,0200 
18/12/2020;0,007469; 0,0200 
21/12/2020;0,007469; 0,0200 
22/12/2020;0,007469; 0,0200 
23/12/2020;0,007469; 0,0200 
24/12/2020;0,007469; 0,0200 
28/12/2020;0,007469; 0,0200 
29/12/2020;0,007469; 0,0200 
30/12/2020;0,007469; 0,0200 
31/12/2020;0,007469; 0,0200 
04/01/2021;0,007469; 0,0200 
05/01/2021;0,007469; 0,0200 
06/01/2021;0,007469; 0,0200 
07/01/2021;0,007469; 0,0200 
08/01/2021;0,007469; 0,0200 
11/01/2021;0,007469; 0,0200 
12/01/2021;0,007469; 0,0200 
13/01/2021;0,007469; 0,0200 
14/01/2021;0,007469; 0,0200 
15/01/2021;0,007469; 0,0200 
18/01/2021;0,007469; 0,0200 
19/01/2021;0,007469; 0,0200 
20/01/2021;0,007469; 0,0200 
21/01/2021;0,007469; 0,0200 
22/01/2021;0,007469; 0,0200 
25/01/2021;0,007469; 0,0200 
26/01/2021;0,007469; 0,0200 
27/01/2021;0,007469; 0,0200 
28/01/2021;0,007469; 0,0200 
29/01/2021;0,007469; 0,0200 
01/02/2021;0,007469; 0,0200 
02/02/2021;0,007469; 0,0200 
03/02/2021;0,007469; 0,0200 
04/02/2021;0,007469; 0,0200 
05/02/2021;0,007469; 0,0200 
08/02/2021;0,007469; 0,0200 
09/02/2021;0,007469; 0,0200 
10/02/2021;0,007469; 0,0200 
11/02/2021;0,007469; 0,0200 
12/02/2021;0,007469; 0,0200 
17/02/2021;0,007469; 0,0200 
18/02/2021;0,007469; 0,0200 
19/02/2021;0,007469; 0,0200 
22/02/2021;0,007469; 0,0200 
23/02/2021;0,007469; 0,0200 
24/02/2021;0,007469; 0,0200 
25/02/2021;0,007469; 0,0200 
26/02/2021;0,007469; 0,0200 
01/03/2021;0,007469; 0,0200 
02/03/2021;0,007469; 0,0200 
03/03/2021;0,007469; 0,0200 
04/03/2021;0,007469; 0,0200 
05/03/2021;0,007469; 0,0200 
08/03/2021;0,007469; 0,0200 
09/03/2021;0,007469; 0,0200 
10/03/2021;0,007469; 0,0200 
11/03/2021;0,007469; 0,0200 
12/03/2021;0,007469; 0,0200 
15/03/2021;0,007469; 0,0200 
16/03/2021;0,007469; 0,0200 
17/03/2021;0,007469; 0,0200 
18/03/2021;0,010379; 0,0275 
19/03/2021;0,010379; 0,0275 
22/03/2021;0,010379; 0,0275 
23/03/2021;0,010379; 0,0275 
24/03/2021;0,010379; 0,0275 
25/03/2021;0,010379; 0,0275 
26/03/2021;0,010379; 0,0275 
29/03/2021;0,010379; 0,0275 
30/03/2021;0,010379; 0,0275 
31/03/2021;0,010379; 0,0275 
01/04/2021;0,010379; 0,0275 
05/04/2021;0,010379; 0,0275 
06/04/2021;0,010379; 0,0275 
07/04/2021;0,010379; 0,0275 
08/04/2021;0,010379; 0,0275 
09/04/2021;0,010379; 0,0275 
12/04/2021;0,010379; 0,0275 
13/04/2021;0,010379; 0,0275 
14/04/2021;0,010379; 0,0275 
15/04/2021;0,010379; 0,0275 
16/04/2021;0,010379; 0,0275 
19/04/2021;0,010379; 0,0275 
20/04/2021;0,010379; 0,0275 
22/04/2021;0,010379; 0,0275 
23/04/2021;0,010379; 0,0275 
26/04/2021;0,010379; 0,0275 
27/04/2021;0,010379; 0,0275 
28/04/2021;0,010379; 0,0275 
29/04/2021;0,010379; 0,0275 
30/04/2021;0,010379; 0,0275 
03/05/2021;0,010379; 0,0275 
04/05/2021;0,010379; 0,0275 
05/05/2021;0,010379; 0,0275 
06/05/2021;0,013269; 0,0350 
07/05/2021;0,013269; 0,0350 
10/05/2021;0,013269; 0,0350 
11/05/2021;0,013269; 0,0350 
12/05/2021;0,013269; 0,0350 
13/05/2021;0,013269; 0,0350 
14/05/2021;0,013269; 0,0350 
17/05/2021;0,013269; 0,0350 
18/05/2021;0,013269; 0,0350 
19/05/2021;0,013269; 0,0350 
20/05/2021;0,013269; 0,0350 
21/05/2021;0,013269; 0,0350 
24/05/2021;0,013269; 0,0350 
25/05/2021;0,013269; 0,0350 
26/05/2021;0,013269; 0,0350 
27/05/2021;0,013269; 0,0350 
28/05/2021;0,013269; 0,0350 
31/05/2021;0,013269; 0,0350 
01/06/2021;0,013269; 0,0350 
02/06/2021;0,013269; 0,0350 
04/06/2021;0,013269; 0,0350 
07/06/2021;0,013269; 0,0350 
08/06/2021;0,013269; 0,0350 
09/06/2021;0,013269; 0,0350 
10/06/2021;0,013269; 0,0350 
11/06/2021;0,013269; 0,0350 
14/06/2021;0,013269; 0,0350 
15/06/2021;0,013269; 0,0350 
16/06/2021;0,013269; 0,0350 
17/06/2021;0,016137; 0,0425 
18/06/2021;0,016137; 0,0425 
21/06/2021;0,016137; 0,0425 
22/06/2021;0,016137; 0,0425 
23/06/2021;0,016137; 0,0425 
24/06/2021;0,016137; 0,0425 
25/06/2021;0,016137; 0,0425 
28/06/2021;0,016137; 0,0425 
29/06/2021;0,016137; 0,0425 
30/06/2021;0,016137; 0,0425 
01/07/2021;0,016137; 0,0425 
02/07/2021;0,016137; 0,0425 
05/07/2021;0,016137; 0,0425 
06/07/2021;0,016137; 0,0425 
07/07/2021;0,016137; 0,0425 
08/07/2021;0,016137; 0,0425 
09/07/2021;0,016137; 0,0425 
12/07/2021;0,016137; 0,0425 
13/07/2021;0,016137; 0,0425 
14/07/2021;0,016137; 0,0425 
15/07/2021;0,016137; 0,0425 
16/07/2021;0,016137; 0,0425 
19/07/2021;0,016137; 0,0425 
20/07/2021;0,016137; 0,0425 
21/07/2021;0,016137; 0,0425 
22/07/2021;0,016137; 0,0425 
23/07/2021;0,016137; 0,0425 
26/07/2021;0,016137; 0,0425 
27/07/2021;0,016137; 0,0425 
28/07/2021;0,016137; 0,0425 
29/07/2021;0,016137; 0,0425 
30/07/2021;0,016137; 0,0425 
02/08/2021;0,016137; 0,0425 
03/08/2021;0,016137; 0,0425 
04/08/2021;0,016137; 0,0425 
05/08/2021;0,01993; 0,0525 
06/08/2021;0,01993; 0,0525 
09/08/2021;0,01993; 0,0525 
10/08/2021;0,01993; 0,0525 
11/08/2021;0,01993; 0,0525 
12/08/2021;0,01993; 0,0525 
13/08/2021;0,01993; 0,0525 
16/08/2021;0,01993; 0,0525 
17/08/2021;0,01993; 0,0525 
18/08/2021;0,01993; 0,0525 
19/08/2021;0,01993; 0,0525 
20/08/2021;0,01993; 0,0525 
23/08/2021;0,01993; 0,0525 
24/08/2021;0,01993; 0,0525 
25/08/2021;0,01993; 0,0525 
26/08/2021;0,01993; 0,0525 
27/08/2021;0,01993; 0,0525 
30/08/2021;0,01993; 0,0525 
31/08/2021;0,01993; 0,0525 
01/09/2021;0,01993; 0,0525 
02/09/2021;0,01993; 0,0525 
03/09/2021;0,01993; 0,0525 
06/09/2021;0,01993; 0,0525 
08/09/2021;0,01993; 0,0525 
09/09/2021;0,01993; 0,0525 
10/09/2021;0,01993; 0,0525 
13/09/2021;0,01993; 0,0525 
14/09/2021;0,01993; 0,0525 
15/09/2021;0,01993; 0,0525 
16/09/2021;0,01993; 0,0525 
17/09/2021;0,01993; 0,0525 
20/09/2021;0,01993; 0,0525 
21/09/2021;0,01993; 0,0525 
22/09/2021;0,01993; 0,0525 
23/09/2021;0,023687; 0,0625 
24/09/2021;0,023687; 0,0625 
27/09/2021;0,023687; 0,0625 
28/09/2021;0,023687; 0,0625 
29/09/2021;0,023687; 0,0625 
30/09/2021;0,023687; 0,0625 
01/10/2021;0,023687; 0,0625 
04/10/2021;0,023687; 0,0625 
05/10/2021;0,023687; 0,0625 
06/10/2021;0,023687; 0,0625 
07/10/2021;0,023687; 0,0625 
08/10/2021;0,023687; 0,0625 
11/10/2021;0,023687; 0,0625 
13/10/2021;0,023687; 0,0625 
14/10/2021;0,023687; 0,0625 
15/10/2021;0,023687; 0,0625 
18/10/2021;0,023687; 0,0625 
19/10/2021;0,023687; 0,0625 
20/10/2021;0,023687; 0,0625 
21/10/2021;0,023687; 0,0625 
22/10/2021;0,023687; 0,0625 
25/10/2021;0,023687; 0,0625 
26/10/2021;0,023687; 0,0625 
27/10/2021;0,023687; 0,0625 
28/10/2021;0,029256; 0,0775 
29/10/2021;0,029256; 0,0775 
01/11/2021;0,029256; 0,0775 
03/11/2021;0,029256; 0,0775 
04/11/2021;0,029256; 0,0775 
05/11/2021;0,029256; 0,0775 
08/11/2021;0,029256; 0,0775 
09/11/2021;0,029256; 0,0775 
10/11/2021;0,029256; 0,0775 
11/11/2021;0,029256; 0,0775 
12/11/2021;0,029256; 0,0775 
16/11/2021;0,029256; 0,0775 
17/11/2021;0,029256; 0,0775 
18/11/2021;0,029256; 0,0775 
19/11/2021;0,029256; 0,0775 
22/11/2021;0,029256; 0,0775 
23/11/2021;0,029256; 0,0775 
24/11/2021;0,029256; 0,0775 
25/11/2021;0,029256; 0,0775 
26/11/2021;0,029256; 0,0775 
29/11/2021;0,029256; 0,0775 
30/11/2021;0,029256; 0,0775 
01/12/2021;0,029256; 0,0775 
02/12/2021;0,029256; 0,0775 
03/12/2021;0,029256; 0,0775 
06/12/2021;0,029256; 0,0775 
07/12/2021;0,029256; 0,0775 
08/12/2021;0,029256; 0,0775 
09/12/2021;0,034749; 0,0925 
10/12/2021;0,034749; 0,0925 
13/12/2021;0,034749; 0,0925 
14/12/2021;0,034749; 0,0925 
15/12/2021;0,034749; 0,0925 
16/12/2021;0,034749; 0,0925 
17/12/2021;0,034749; 0,0925 
20/12/2021;0,034749; 0,0925 
21/12/2021;0,034749; 0,0925 
22/12/2021;0,034749; 0,0925 
23/12/2021;0,034749; 0,0925 
24/12/2021;0,034749; 0,0925 
27/12/2021;0,034749; 0,0925 
28/12/2021;0,034749; 0,0925 
29/12/2021;0,034749; 0,0925 
30/12/2021;0,034749; 0,0925 
31/12/2021;0,034749; 0,0925 
03/01/2022;0,034749; 0,0925 
04/01/2022;0,034749; 0,0925 
05/01/2022;0,034749; 0,0925 
06/01/2022;0,034749; 0,0925 
07/01/2022;0,034749; 0,0925 
10/01/2022;0,034749; 0,0925 
11/01/2022;0,034749; 0,0925 
12/01/2022;0,034749; 0,0925 
13/01/2022;0,034749; 0,0925 
14/01/2022;0,034749; 0,0925 
17/01/2022;0,034749; 0,0925 
18/01/2022;0,034749; 0,0925 
19/01/2022;0,034749; 0,0925 
20/01/2022;0,034749; 0,0925 
21/01/2022;0,034749; 0,0925 
24/01/2022;0,034749; 0,0925 
25/01/2022;0,034749; 0,0925 
26/01/2022;0,034749; 0,0925 
27/01/2022;0,034749; 0,0925 
28/01/2022;0,034749; 0,0925 
31/01/2022;0,034749; 0,0925 
01/02/2022;0,034749; 0,0925 
02/02/2022;0,034749; 0,0925 
03/02/2022;0,040168; 0,1075 
04/02/2022;0,040168; 0,1075 
07/02/2022;0,040168; 0,1075 
08/02/2022;0,040168; 0,1075 
09/02/2022;0,040168; 0,1075 
10/02/2022;0,040168; 0,1075 
11/02/2022;0,040168; 0,1075 
14/02/2022;0,040168; 0,1075 
15/02/2022;0,040168; 0,1075 
16/02/2022;0,040168; 0,1075 
17/02/2022;0,040168; 0,1075 
18/02/2022;0,040168; 0,1075 
21/02/2022;0,040168; 0,1075 
22/02/2022;0,040168; 0,1075 
23/02/2022;0,040168; 0,1075 
24/02/2022;0,040168; 0,1075 
25/02/2022;0,040168; 0,1075 
02/03/2022;0,040168; 0,1075 
03/03/2022;0,040168; 0,1075 
04/03/2022;0,040168; 0,1075 
07/03/2022;0,040168; 0,1075 
08/03/2022;0,040168; 0,1075 
09/03/2022;0,040168; 0,1075 
10/03/2022;0,040168; 0,1075 
11/03/2022;0,040168; 0,1075 
14/03/2022;0,040168; 0,1075 
15/03/2022;0,040168; 0,1075 
16/03/2022;0,040168; 0,1075 
17/03/2022;0,043739; 0,1175 
18/03/2022;0,043739; 0,1175 
21/03/2022;0,043739; 0,1175 
22/03/2022;0,043739; 0,1175 
23/03/2022;0,043739; 0,1175 
24/03/2022;0,043739; 0,1175 
25/03/2022;0,043739; 0,1175 
28/03/2022;0,043739; 0,1175 
29/03/2022;0,043739; 0,1175 
30/03/2022;0,043739; 0,1175 
31/03/2022;0,043739; 0,1175 
01/04/2022;0,043739; 0,1175 
04/04/2022;0,043739; 0,1175 
05/04/2022;0,043739; 0,1175 
06/04/2022;0,043739; 0,1175 
07/04/2022;0,043739; 0,1175 
08/04/2022;0,043739; 0,1175 
11/04/2022;0,043739; 0,1175 
12/04/2022;0,043739; 0,1175 
13/04/2022;0,043739; 0,1175 
14/04/2022;0,043739; 0,1175 
18/04/2022;0,043739; 0,1175 
19/04/2022;0,043739; 0,1175 
20/04/2022;0,043739; 0,1175 
22/04/2022;0,043739; 0,1175 
25/04/2022;0,043739; 0,1175 
26/04/2022;0,043739; 0,1175 
27/04/2022;0,043739; 0,1175 
28/04/2022;0,043739; 0,1175 
29/04/2022;0,043739; 0,1175 
02/05/2022;0,043739; 0,1175 
03/05/2022;0,043739; 0,1175 
04/05/2022;0,043739; 0,1175 
05/05/2022;0,047279; 0,1275 
06/05/2022;0,047279; 0,1275 
09/05/2022;0,047279; 0,1275 
10/05/2022;0,047279; 0,1275 
11/05/2022;0,047279; 0,1275 
12/05/2022;0,047279; 0,1275 
13/05/2022;0,047279; 0,1275 
16/05/2022;0,047279; 0,1275 
17/05/2022;0,047279; 0,1275 
18/05/2022;0,047279; 0,1275 
19/05/2022;0,047279; 0,1275 
20/05/2022;0,047279; 0,1275 
23/05/2022;0,047279; 0,1275 
24/05/2022;0,047279; 0,1275 
25/05/2022;0,047279; 0,1275 
26/05/2022;0,047279; 0,1275 
27/05/2022;0,047279; 0,1275 
30/05/2022;0,047279; 0,1275 
31/05/2022;0,047279; 0,1275 
01/06/2022;0,047279; 0,1275 
02/06/2022;0,047279; 0,1275 
03/06/2022;0,047279; 0,1275 
06/06/2022;0,047279; 0,1275 
07/06/2022;0,047279; 0,1275 
08/06/2022;0,047279; 0,1275 
09/06/2022;0,047279; 0,1275 
10/06/2022;0,047279; 0,1275 
13/06/2022;0,047279; 0,1275 
14/06/2022;0,047279; 0,1275 
15/06/2022;0,047279; 0,1275 
17/06/2022;0,049037; 0,1325 
20/06/2022;0,049037; 0,1325 
21/06/2022;0,049037; 0,1325 
22/06/2022;0,049037; 0,1325 
23/06/2022;0,049037; 0,1325 
24/06/2022;0,049037; 0,1325 
27/06/2022;0,049037; 0,1325 
28/06/2022;0,049037; 0,1325 
29/06/2022;0,049037; 0,1325 
30/06/2022;0,049037; 0,1325 
01/07/2022;0,049037; 0,1325 
04/07/2022;0,049037; 0,1325 
05/07/2022;0,049037; 0,1325 
06/07/2022;0,049037; 0,1325 
07/07/2022;0,049037; 0,1325 
08/07/2022;0,049037; 0,1325 
11/07/2022;0,049037; 0,1325 
12/07/2022;0,049037; 0,1325 
13/07/2022;0,049037; 0,1325 
14/07/2022;0,049037; 0,1325 
15/07/2022;0,049037; 0,1325 
18/07/2022;0,049037; 0,1325 
19/07/2022;0,049037; 0,1325 
20/07/2022;0,049037; 0,1325 
21/07/2022;0,049037; 0,1325 
22/07/2022;0,049037; 0,1325 
25/07/2022;0,049037; 0,1325 
26/07/2022;0,049037; 0,1325 
27/07/2022;0,049037; 0,1325 
28/07/2022;0,049037; 0,1325 
29/07/2022;0,049037; 0,1325 
01/08/2022;0,049037; 0,1325 
02/08/2022;0,049037; 0,1325 
03/08/2022;0,049037; 0,1325 
04/08/2022;0,050788; 0,1375 
05/08/2022;0,050788; 0,1375 
08/08/2022;0,050788; 0,1375 
09/08/2022;0,050788; 0,1375 
10/08/2022;0,050788; 0,1375 
11/08/2022;0,050788; 0,1375 
12/08/2022;0,050788; 0,1375 
15/08/2022;0,050788; 0,1375 
16/08/2022;0,050788; 0,1375 
17/08/2022;0,050788; 0,1375 
18/08/2022;0,050788; 0,1375 
19/08/2022;0,050788; 0,1375 
22/08/2022;0,050788; 0,1375 
23/08/2022;0,050788; 0,1375 
24/08/2022;0,050788; 0,1375 
25/08/2022;0,050788; 0,1375 
26/08/2022;0,050788; 0,1375 
29/08/2022;0,050788; 0,1375 
30/08/2022;0,050788; 0,1375 
31/08/2022;0,050788; 0,1375 
01/09/2022;0,050788; 0,1375 
02/09/2022;0,050788; 0,1375 
05/09/2022;0,050788; 0,1375 
06/09/2022;0,050788; 0,1375 
08/09/2022;0,050788; 0,1375 
09/09/2022;0,050788; 0,1375 
12/09/2022;0,050788; 0,1375 
13/09/2022;0,050788; 0,1375 
14/09/2022;0,050788; 0,1375 
15/09/2022;0,050788; 0,1375 
16/09/2022;0,050788; 0,1375 
19/09/2022;0,050788; 0,1375 
20/09/2022;0,050788; 0,1375 
21/09/2022;0,050788; 0,1375 
22/09/2022;0,050788; 0,1375 
23/09/2022;0,050788; 0,1375 
26/09/2022;0,050788; 0,1375 
27/09/2022;0,050788; 0,1375 
28/09/2022;0,050788; 0,1375 
29/09/2022;0,050788; 0,1375 
30/09/2022;0,050788; 0,1375 
03/10/2022;0,050788; 0,1375 
04/10/2022;0,050788; 0,1375 
05/10/2022;0,050788; 0,1375 
06/10/2022;0,050788; 0,1375 
07/10/2022;0,050788; 0,1375 
10/10/2022;0,050788; 0,1375 
11/10/2022;0,050788; 0,1375 
13/10/2022;0,050788; 0,1375 
14/10/2022;0,050788; 0,1375 
17/10/2022;0,050788; 0,1375 
18/10/2022;0,050788; 0,1375 
19/10/2022;0,050788; 0,1375 
20/10/2022;0,050788; 0,1375 
21/10/2022;0,050788; 0,1375 
24/10/2022;0,050788; 0,1375 
25/10/2022;0,050788; 0,1375 
26/10/2022;0,050788; 0,1375 
27/10/2022;0,050788; 0,1375 
28/10/2022;0,050788; 0,1375 
31/10/2022;0,050788; 0,1375 
01/11/2022;0,050788; 0,1375 
03/11/2022;0,050788; 0,1375 
04/11/2022;0,050788; 0,1375 
07/11/2022;0,050788; 0,1375 
08/11/2022;0,050788; 0,1375 
09/11/2022;0,050788; 0,1375 
10/11/2022;0,050788; 0,1375 
11/11/2022;0,050788; 0,1375 
14/11/2022;0,050788; 0,1375 
16/11/2022;0,050788; 0,1375 
17/11/2022;0,050788; 0,1375 
18/11/2022;0,050788; 0,1375 
21/11/2022;0,050788; 0,1375 
22/11/2022;0,050788; 0,1375 
23/11/2022;0,050788; 0,1375 
24/11/2022;0,050788; 0,1375 
25/11/2022;0,050788; 0,1375 
28/11/2022;0,050788; 0,1375 
29/11/2022;0,050788; 0,1375 
30/11/2022;0,050788; 0,1375 
01/12/2022;0,050788; 0,1375 
02/12/2022;0,050788; 0,1375 
05/12/2022;0,050788; 0,1375 
06/12/2022;0,050788; 0,1375 
07/12/2022;0,050788; 0,1375 
08/12/2022;0,050788; 0,1375 
09/12/2022;0,050788; 0,1375 
12/12/2022;0,050788; 0,1375 
13/12/2022;0,050788; 0,1375 
14/12/2022;0,050788; 0,1375 
15/12/2022;0,050788; 0,1375 
16/12/2022;0,050788; 0,1375 
19/12/2022;0,050788; 0,1375 
20/12/2022;0,050788; 0,1375 
21/12/2022;0,050788; 0,1375 
22/12/2022;0,050788; 0,1375 
23/12/2022;0,050788; 0,1375 
26/12/2022;0,050788; 0,1375 
27/12/2022;0,050788; 0,1375 
28/12/2022;0,050788; 0,1375 
29/12/2022;0,050788; 0,1375 
30/12/2022;0,050788; 0,1375 
02/01/2023;0,050788; 0,1375 
03/01/2023;0,050788; 0,1375 
04/01/2023;0,050788; 0,1375 
05/01/2023;0,050788; 0,1375 
06/01/2023;0,050788; 0,1375 
09/01/2023;0,050788; 0,1375 
10/01/2023;0,050788; 0,1375 
11/01/2023;0,050788; 0,1375 
12/01/2023;0,050788; 0,1375 
13/01/2023;0,050788; 0,1375 
16/01/2023;0,050788; 0,1375 
17/01/2023;0,050788; 0,1375 
18/01/2023;0,050788; 0,1375 
19/01/2023;0,050788; 0,1375 
20/01/2023;0,050788; 0,1375 
23/01/2023;0,050788; 0,1375 
24/01/2023;0,050788; 0,1375 
25/01/2023;0,050788; 0,1375 
26/01/2023;0,050788; 0,1375 
27/01/2023;0,050788; 0,1375 
30/01/2023;0,050788; 0,1375 
31/01/2023;0,050788; 0,1375 
01/02/2023;0,050788; 0,1375 
02/02/2023;0,050788; 0,1375 
03/02/2023;0,050788; 0,1375 
06/02/2023;0,050788; 0,1375 
07/02/2023;0,050788; 0,1375 
08/02/2023;0,050788; 0,1375 
09/02/2023;0,050788; 0,1375 
10/02/2023;0,050788; 0,1375 
13/02/2023;0,050788; 0,1375 
14/02/2023;0,050788; 0,1375 
15/02/2023;0,050788; 0,1375 
16/02/2023;0,050788; 0,1375 
17/02/2023;0,050788; 0,1375 
22/02/2023;0,050788; 0,1375 
23/02/2023;0,050788; 0,1375 
24/02/2023;0,050788; 0,1375 
27/02/2023;0,050788; 0,1375 
28/02/2023;0,050788; 0,1375 
01/03/2023;0,050788; 0,1375 
02/03/2023;0,050788; 0,1375 
03/03/2023;0,050788; 0,1375 
06/03/2023;0,050788; 0,1375 
07/03/2023;0,050788; 0,1375 
08/03/2023;0,050788; 0,1375 
09/03/2023;0,050788; 0,1375 
10/03/2023;0,050788; 0,1375 
13/03/2023;0,050788; 0,1375 
14/03/2023;0,050788; 0,1375 
15/03/2023;0,050788; 0,1375 
16/03/2023;0,050788; 0,1375 
17/03/2023;0,050788; 0,1375 
20/03/2023;0,050788; 0,1375 
21/03/2023;0,050788; 0,1375 
22/03/2023;0,050788; 0,1375 
23/03/2023;0,050788; 0,1375 
24/03/2023;0,050788; 0,1375 
27/03/2023;0,050788; 0,1375 
28/03/2023;0,050788; 0,1375 
29/03/2023;0,050788; 0,1375 
30/03/2023;0,050788; 0,1375 
31/03/2023;0,050788; 0,1375 
03/04/2023;0,050788; 0,1375 
04/04/2023;0,050788; 0,1375 
05/04/2023;0,050788; 0,1375 
06/04/2023;0,050788; 0,1375 
10/04/2023;0,050788; 0,1375 
11/04/2023;0,050788; 0,1375 
12/04/2023;0,050788; 0,1375 
13/04/2023;0,050788; 0,1375 
14/04/2023;0,050788; 0,1375 
17/04/2023;0,050788; 0,1375 
18/04/2023;0,050788; 0,1375 
19/04/2023;0,050788; 0,1375 
20/04/2023;0,050788; 0,1375 
24/04/2023;0,050788; 0,1375 
25/04/2023;0,050788; 0,1375 
26/04/2023;0,050788; 0,1375 
27/04/2023;0,050788; 0,1375 
28/04/2023;0,050788; 0,1375 
02/05/2023;0,050788; 0,1375 
03/05/2023;0,050788; 0,1375 
04/05/2023;0,050788; 0,1375 
05/05/2023;0,050788; 0,1375 
08/05/2023;0,050788; 0,1375 
09/05/2023;0,050788; 0,1375 
10/05/2023;0,050788; 0,1375 
11/05/2023;0,050788; 0,1375 
12/05/2023;0,050788; 0,1375 
15/05/2023;0,050788; 0,1375 
16/05/2023;0,050788; 0,1375 
17/05/2023;0,050788; 0,1375 
18/05/2023;0,050788; 0,1375 
19/05/2023;0,050788; 0,1375 
22/05/2023;0,050788; 0,1375 
23/05/2023;0,050788; 0,1375 
24/05/2023;0,050788; 0,1375 
25/05/2023;0,050788; 0,1375 
26/05/2023;0,050788; 0,1375 
29/05/2023;0,050788; 0,1375 
30/05/2023;0,050788; 0,1375 
31/05/2023;0,050788; 0,1375 
01/06/2023;0,050788; 0,1375 
02/06/2023;0,050788; 0,1375 
05/06/2023;0,050788; 0,1375 
06/06/2023;0,050788; 0,1375 
07/06/2023;0,050788; 0,1375 
09/06/2023;0,050788; 0,1375 
12/06/2023;0,050788; 0,1375 
13/06/2023;0,050788; 0,1375 
14/06/2023;0,050788; 0,1375 
15/06/2023;0,050788; 0,1375 
16/06/2023;0,050788; 0,1375 
19/06/2023;0,050788; 0,1375 
20/06/2023;0,050788; 0,1375 
21/06/2023;0,050788; 0,1375 
22/06/2023;0,050788; 0,1375 
23/06/2023;0,050788; 0,1375 
26/06/2023;0,050788; 0,1375 
27/06/2023;0,050788; 0,1375 
28/06/2023;0,050788; 0,1375 
29/06/2023;0,050788; 0,1375 
30/06/2023;0,050788; 0,1375 
03/07/2023;0,050788; 0,1375 
04/07/2023;0,050788; 0,1375 
05/07/2023;0,050788; 0,1375 
06/07/2023;0,050788; 0,1375 
07/07/2023;0,050788; 0,1375 
10/07/2023;0,050788; 0,1375 
11/07/2023;0,050788; 0,1375 
12/07/2023;0,050788; 0,1375 
13/07/2023;0,050788; 0,1375 
14/07/2023;0,050788; 0,1375 
17/07/2023;0,050788; 0,1375 
18/07/2023;0,050788; 0,1375 
19/07/2023;0,050788; 0,1375 
20/07/2023;0,050788; 0,1375 
21/07/2023;0,050788; 0,1375 
24/07/2023;0,050788; 0,1375 
25/07/2023;0,050788; 0,1375 
26/07/2023;0,050788; 0,1375 
27/07/2023;0,050788; 0,1375 
28/07/2023;0,050788; 0,1375 
31/07/2023;0,050788; 0,1375 
01/08/2023;0,050788; 0,1375 
02/08/2023;0,050788; 0,1375 
03/08/2023;0,049037; 0,1325 
04/08/2023;0,049037; 0,1325 
07/08/2023;0,049037; 0,1325 
08/08/2023;0,049037; 0,1325 
09/08/2023;0,049037; 0,1325 
10/08/2023;0,049037; 0,1325 
11/08/2023;0,049037; 0,1325 
14/08/2023;0,049037; 0,1325 
15/08/2023;0,049037; 0,1325 
16/08/2023;0,049037; 0,1325 
17/08/2023;0,049037; 0,1325 
18/08/2023;0,049037; 0,1325 
21/08/2023;0,049037; 0,1325 
22/08/2023;0,049037; 0,1325 
23/08/2023;0,049037; 0,1325 
24/08/2023;0,049037; 0,1325 
25/08/2023;0,049037; 0,1325 
28/08/2023;0,049037; 0,1325 
29/08/2023;0,049037; 0,1325 
30/08/2023;0,049037; 0,1325 
31/08/2023;0,049037; 0,1325 
01/09/2023;0,049037; 0,1325 
04/09/2023;0,049037; 0,1325 
05/09/2023;0,049037; 0,1325 
06/09/2023;0,049037; 0,1325 
08/09/2023;0,049037; 0,1325 
11/09/2023;0,049037; 0,1325 
12/09/2023;0,049037; 0,1325 
13/09/2023;0,049037; 0,1325 
14/09/2023;0,049037; 0,1325 
15/09/2023;0,049037; 0,1325 
18/09/2023;0,049037; 0,1325 
19/09/2023;0,049037; 0,1325 
20/09/2023;0,049037; 0,1325 
21/09/2023;0,047279; 0,1275 
22/09/2023;0,047279; 0,1275 
25/09/2023;0,047279; 0,1275 
26/09/2023;0,047279; 0,1275 
27/09/2023;0,047279; 0,1275 
28/09/2023;0,047279; 0,1275 
29/09/2023;0,047279; 0,1275 
02/10/2023;0,047279; 0,1275 
03/10/2023;0,047279; 0,1275 
04/10/2023;0,047279; 0,1275 
05/10/2023;0,047279; 0,1275 
06/10/2023;0,047279; 0,1275 
09/10/2023;0,047279; 0,1275 
10/10/2023;0,047279; 0,1275 
11/10/2023;0,047279; 0,1275 
13/10/2023;0,047279; 0,1275 
16/10/2023;0,047279; 0,1275 
17/10/2023;0,047279; 0,1275 
18/10/2023;0,047279; 0,1275 
19/10/2023;0,047279; 0,1275 
20/10/2023;0,047279; 0,1275 
23/10/2023;0,047279; 0,1275 
24/10/2023;0,047279; 0,1275 
25/10/2023;0,047279; 0,1275 
26/10/2023;0,047279; 0,1275 
27/10/2023;0,047279; 0,1275 
30/10/2023;0,047279; 0,1275 
31/10/2023;0,047279; 0,1275 
01/11/2023;0,047279; 0,1275 
03/11/2023;0,045513; 0,1225 
06/11/2023;0,045513; 0,1225 
07/11/2023;0,045513; 0,1225 
08/11/2023;0,045513; 0,1225 
09/11/2023;0,045513; 0,1225 
10/11/2023;0,045513; 0,1225 
13/11/2023;0,045513; 0,1225 
14/11/2023;0,045513; 0,1225 
16/11/2023;0,045513; 0,1225 
17/11/2023;0,045513; 0,1225 
20/11/2023;0,045513; 0,1225 
21/11/2023;0,045513; 0,1225 
22/11/2023;0,045513; 0,1225 
23/11/2023;0,045513; 0,1225 
24/11/2023;0,045513; 0,1225 
27/11/2023;0,045513; 0,1225 
28/11/2023;0,045513; 0,1225 
29/11/2023;0,045513; 0,1225 
30/11/2023;0,045513; 0,1225 
01/12/2023;0,045513; 0,1225 
04/12/2023;0,045513; 0,1225 
05/12/2023;0,045513; 0,1225 
06/12/2023;0,045513; 0,1225 
07/12/2023;0,045513; 0,1225 
08/12/2023;0,045513; 0,1225 
11/12/2023;0,045513; 0,1225 
12/12/2023;0,045513; 0,1225 
13/12/2023;0,045513; 0,1225 
14/12/2023;0,043739; 0,1175 
15/12/2023;0,043739; 0,1175 
18/12/2023;0,043739; 0,1175 
19/12/2023;0,043739; 0,1175 
20/12/2023;0,043739; 0,1175 
21/12/2023;0,043739; 0,1175 
22/12/2023;0,043739; 0,1175 
26/12/2023;0,043739; 0,1175 
27/12/2023;0,043739; 0,1175 
28/12/2023;0,043739; 0,1175 
29/12/2023;0,043739; 0,1175 
02/01/2024;0,043739; 0,1175 
03/01/2024;0,043739; 0,1175 
04/01/2024;0,043739; 0,1175 
05/01/2024;0,043739; 0,1175 
08/01/2024;0,043739; 0,1175 
09/01/2024;0,043739; 0,1175 
10/01/2024;0,043739; 0,1175 
11/01/2024;0,043739; 0,1175 
12/01/2024;0,043739; 0,1175 
15/01/2024;0,043739; 0,1175 
16/01/2024;0,043739; 0,1175 
17/01/2024;0,043739; 0,1175 
18/01/2024;0,043739; 0,1175 
19/01/2024;0,043739; 0,1175 
22/01/2024;0,043739; 0,1175 
23/01/2024;0,043739; 0,1175 
24/01/2024;0,043739; 0,1175 
25/01/2024;0,043739; 0,1175 
26/01/2024;0,043739; 0,1175 
29/01/2024;0,043739; 0,1175 
30/01/2024;0,043739; 0,1175 
31/01/2024;0,043739; 0,1175 
01/02/2024;0,041957; 0,1125 
02/02/2024;0,041957; 0,1125 
05/02/2024;0,041957; 0,1125 
06/02/2024;0,041957; 0,1125 
07/02/2024;0,041957; 0,1125 
08/02/2024;0,041957; 0,1125 
09/02/2024;0,041957; 0,1125 
14/02/2024;0,041957; 0,1125 
15/02/2024;0,041957; 0,1125 
16/02/2024;0,041957; 0,1125 
19/02/2024;0,041957; 0,1125 
20/02/2024;0,041957; 0,1125 
21/02/2024;0,041957; 0,1125 
22/02/2024;0,041957; 0,1125 
23/02/2024;0,041957; 0,1125 
26/02/2024;0,041957; 0,1125 
27/02/2024;0,041957; 0,1125 
28/02/2024;0,041957; 0,1125 
29/02/2024;0,041957; 0,1125 
01/03/2024;0,041957; 0,1125 
04/03/2024;0,041957; 0,1125 
05/03/2024;0,041957; 0,1125 
06/03/2024;0,041957; 0,1125 
07/03/2024;0,041957; 0,1125 
08/03/2024;0,041957; 0,1125 
11/03/2024;0,041957; 0,1125 
12/03/2024;0,041957; 0,1125 
13/03/2024;0,041957; 0,1125 
14/03/2024;0,041957; 0,1125 
15/03/2024;0,041957; 0,1125 
18/03/2024;0,041957; 0,1125 
19/03/2024;0,041957; 0,1125 
20/03/2024;0,041957; 0,1125 
21/03/2024;0,040168; 0,1075 
22/03/2024;0,040168; 0,1075 
25/03/2024;0,040168; 0,1075 
26/03/2024;0,040168; 0,1075 
27/03/2024;0,040168; 0,1075 
28/03/2024;0,040168; 0,1075 
01/04/2024;0,040168; 0,1075 
02/04/2024;0,040168; 0,1075 
03/04/2024;0,040168; 0,1075 
04/04/2024;0,040168; 0,1075 
05/04/2024;0,040168; 0,1075 
08/04/2024;0,040168; 0,1075 
09/04/2024;0,040168; 0,1075 
10/04/2024;0,040168; 0,1075 
11/04/2024;0,040168; 0,1075 
12/04/2024;0,040168; 0,1075 
15/04/2024;0,040168; 0,1075 
16/04/2024;0,040168; 0,1075 
17/04/2024;0,040168; 0,1075 
18/04/2024;0,040168; 0,1075 
19/04/2024;0,040168; 0,1075 
22/04/2024;0,040168; 0,1075 
23/04/2024;0,040168; 0,1075 
24/04/2024;0,040168; 0,1075 
25/04/2024;0,040168; 0,1075 
26/04/2024;0,040168; 0,1075 
29/04/2024;0,040168; 0,1075 
30/04/2024;0,040168; 0,1075 
02/05/2024;0,040168; 0,1075 
03/05/2024;0,040168; 0,1075 
06/05/2024;0,040168; 0,1075 
07/05/2024;0,040168; 0,1075 
08/05/2024;0,040168; 0,1075 
09/05/2024;0,03927; 0,1050 
10/05/2024;0,03927; 0,1050 
13/05/2024;0,03927; 0,1050 
14/05/2024;0,03927; 0,1050 
15/05/2024;0,03927; 0,1050 
16/05/2024;0,03927; 0,1050 
17/05/2024;0,03927; 0,1050 
20/05/2024;0,03927; 0,1050 
21/05/2024;0,03927; 0,1050 
22/05/2024;0,03927; 0,1050 
23/05/2024;0,03927; 0,1050 
24/05/2024;0,03927; 0,1050 
27/05/2024;0,03927; 0,1050 
28/05/2024;0,03927; 0,1050 
29/05/2024;0,03927; 0,1050 
31/05/2024;0,03927; 0,1050 
03/06/2024;0,03927; 0,1050 
04/06/2024;0,03927; 0,1050 
05/06/2024;0,03927; 0,1050 
06/06/2024;0,03927; 0,1050 
07/06/2024;0,03927; 0,1050 
10/06/2024;0,03927; 0,1050 
11/06/2024;0,03927; 0,1050 
12/06/2024;0,03927; 0,1050 
13/06/2024;0,03927; 0,1050 
14/06/2024;0,03927; 0,1050 
17/06/2024;0,03927; 0,1050 
18/06/2024;0,03927; 0,1050 
19/06/2024;0,03927; 0,1050 
20/06/2024;0,03927; 0,1050 
21/06/2024;0,03927; 0,1050 
24/06/2024;0,03927; 0,1050 
25/06/2024;0,03927; 0,1050 
26/06/2024;0,03927; 0,1050 
27/06/2024;0,03927; 0,1050 
28/06/2024;0,03927; 0,1050 
01/07/2024;0,03927; 0,1050 
02/07/2024;0,03927; 0,1050 
03/07/2024;0,03927; 0,1050 
04/07/2024;0,03927; 0,1050 
05/07/2024;0,03927; 0,1050 
08/07/2024;0,03927; 0,1050 
09/07/2024;0,03927; 0,1050 
10/07/2024;0,03927; 0,1050 
11/07/2024;0,03927; 0,1050 
12/07/2024;0,03927; 0,1050 
15/07/2024;0,03927; 0,1050 
16/07/2024;0,03927; 0,1050 
17/07/2024;0,03927; 0,1050 
18/07/2024;0,03927; 0,1050 
19/07/2024;0,03927; 0,1050 
22/07/2024;0,03927; 0,1050 
23/07/2024;0,03927; 0,1050 
24/07/2024;0,03927; 0,1050 
25/07/2024;0,03927; 0,1050 
26/07/2024;0,03927; 0,1050 
29/07/2024;0,03927; 0,1050 
30/07/2024;0,03927; 0,1050 
31/07/2024;0,03927; 0,1050 
01/08/2024;0,03927; 0,1050 
02/08/2024;0,03927; 0,1050 
05/08/2024;0,03927; 0,1050 
06/08/2024;0,03927; 0,1050 
07/08/2024;0,03927; 0,1050 
08/08/2024;0,03927; 0,1050 
09/08/2024;0,03927; 0,1050 
12/08/2024;0,03927; 0,1050 
13/08/2024;0,03927; 0,1050 
14/08/2024;0,03927; 0,1050 
15/08/2024;0,03927; 0,1050 
16/08/2024;0,03927; 0,1050 
19/08/2024;0,03927; 0,1050 
20/08/2024;0,03927; 0,1050 
21/08/2024;0,03927; 0,1050 
22/08/2024;0,03927; 0,1050 
23/08/2024;0,03927; 0,1050 
26/08/2024;0,03927; 0,1050 
27/08/2024;0,03927; 0,1050 
28/08/2024;0,03927; 0,1050 
29/08/2024;0,03927; 0,1050 
30/08/2024;0,03927; 0,1050 
02/09/2024;0,03927; 0,1050 
03/09/2024;0,03927; 0,1050 
04/09/2024;0,03927; 0,1050 
05/09/2024;0,03927; 0,1050 
06/09/2024;0,03927; 0,1050 
09/09/2024;0,03927; 0,1050 
10/09/2024;0,03927; 0,1050 
11/09/2024;0,03927; 0,1050 
12/09/2024;0,03927; 0,1050 
13/09/2024;0,03927; 0,1050 
16/09/2024;0,03927; 0,1050 
17/09/2024;0,03927; 0,1050 
18/09/2024;0,03927; 0,1050 
19/09/2024;0,040168; 0,1075 
20/09/2024;0,040168; 0,1075 
23/09/2024;0,040168; 0,1075 
24/09/2024;0,040168; 0,1075 
25/09/2024;0,040168; 0,1075 
26/09/2024;0,040168; 0,1075 
27/09/2024;0,040168; 0,1075 
30/09/2024;0,040168; 0,1075 
01/10/2024;0,040168; 0,1075 
02/10/2024;0,040168; 0,1075 
03/10/2024;0,040168; 0,1075 
04/10/2024;0,040168; 0,1075 
07/10/2024;0,040168; 0,1075 
08/10/2024;0,040168; 0,1075 
09/10/2024;0,040168; 0,1075 
10/10/2024;0,040168; 0,1075 
11/10/2024;0,040168; 0,1075 
14/10/2024;0,040168; 0,1075 
15/10/2024;0,040168; 0,1075 
16/10/2024;0,040168; 0,1075 
17/10/2024;0,040168; 0,1075 
18/10/2024;0,040168; 0,1075 
21/10/2024;0,040168; 0,1075 
22/10/2024;0,040168; 0,1075 
23/10/2024;0,040168; 0,1075 
24/10/2024;0,040168; 0,1075 
25/10/2024;0,040168; 0,1075 
28/10/2024;0,040168; 0,1075 
29/10/2024;0,040168; 0,1075 
30/10/2024;0,040168; 0,1075 
31/10/2024;0,040168; 0,1075 
01/11/2024;0,040168; 0,1075 
04/11/2024;0,040168; 0,1075 
05/11/2024;0,040168; 0,1075 
06/11/2024;0,040168; 0,1075 
07/11/2024;0,041957; 0,1125 
08/11/2024;0,041957; 0,1125 
11/11/2024;0,041957; 0,1125 
12/11/2024;0,041957; 0,1125 
13/11/2024;0,041957; 0,1125 
14/11/2024;0,041957; 0,1125 
18/11/2024;0,041957; 0,1125 
19/11/2024;0,041957; 0,1125 
21/11/2024;0,041957; 0,1125 
22/11/2024;0,041957; 0,1125 
25/11/2024;0,041957; 0,1125 
26/11/2024;0,041957; 0,1125 
27/11/2024;0,041957; 0,1125 
28/11/2024;0,041957; 0,1125 
29/11/2024;0,041957; 0,1125 
02/12/2024;0,041957; 0,1125 
03/12/2024;0,041957; 0,1125 
04/12/2024;0,041957; 0,1125 
05/12/2024;0,041957; 0,1125 
06/12/2024;0,041957; 0,1125 
09/12/2024;0,041957; 0,1125 
10/12/2024;0,041957; 0,1125 
11/12/2024;0,041957; 0,1125 
12/12/2024;0,045513; 0,1225 
13/12/2024;0,045513; 0,1225 
16/12/2024;0,045513; 0,1225 
17/12/2024;0,045513; 0,1225 
18/12/2024;0,045513; 0,1225 
19/12/2024;0,045513; 0,1225 
20/12/2024;0,045513; 0,1225 
23/12/2024;0,045513; 0,1225 
24/12/2024;0,045513; 0,1225 
26/12/2024;0,045513; 0,1225 
27/12/2024;0,045513; 0,1225 
30/12/2024;0,045513; 0,1225 
31/12/2024;0,045513; 0,1225 
02/01/2025;0,045513; 0,1225 
03/01/2025;0,045513; 0,1225 
06/01/2025;0,045513; 0,1225 
07/01/2025;0,045513; 0,1225 
08/01/2025;0,045513; 0,1225 
09/01/2025;0,045513; 0,1225 
10/01/2025;0,045513; 0,1225 
13/01/2025;0,045513; 0,1225 
14/01/2025;0,045513; 0,1225 
15/01/2025;0,045513; 0,1225 
16/01/2025;0,045513; 0,1225 
17/01/2025;0,045513; 0,1225 
20/01/2025;0,045513; 0,1225 
21/01/2025;0,045513; 0,1225 
22/01/2025;0,045513; 0,1225 
23/01/2025;0,045513; 0,1225 
24/01/2025;0,045513; 0,1225 
27/01/2025;0,045513; 0,1225 
28/01/2025;0,045513; 0,1225 
29/01/2025;0,045513; 0,1225 
30/01/2025;0,049037; 0,1325 
31/01/2025;0,049037; 0,1325 
03/02/2025;0,049037; 0,1325 
04/02/2025;0,049037; 0,1325 
05/02/2025;0,049037; 0,1325 
06/02/2025;0,049037; 0,1325 
07/02/2025;0,049037; 0,1325 
10/02/2025;0,049037; 0,1325 
11/02/2025;0,049037; 0,1325 
12/02/2025;0,049037; 0,1325 
13/02/2025;0,049037; 0,1325 
14/02/2025;0,049037; 0,1325 
17/02/2025;0,049037; 0,1325 
18/02/2025;0,049037; 0,1325 
19/02/2025;0,049037; 0,1325 
20/02/2025;0,049037; 0,1325 
21/02/2025;0,049037; 0,1325 
24/02/2025;0,049037; 0,1325 
25/02/2025;0,049037; 0,1325 
26/02/2025;0,049037; 0,1325 
27/02/2025;0,049037; 0,1325 
28/02/2025;0,049037; 0,1325 
05/03/2025;0,049037; 0,1325 
06/03/2025;0,049037; 0,1325 
07/03/2025;0,049037; 0,1325 
10/03/2025;0,049037; 0,1325 
11/03/2025;0,049037; 0,1325 
12/03/2025;0,049037; 0,1325 
13/03/2025;0,049037; 0,1325 
14/03/2025;0,049037; 0,1325 
17/03/2025;0,049037; 0,1325 
18/03/2025;0,049037; 0,1325 
19/03/2025;0,049037; 0,1325 
20/03/2025;0,052531; 0,1425 
21/03/2025;0,052531; 0,1425 
24/03/2025;0,052531; 0,1425 
25/03/2025;0,052531; 0,1425 
26/03/2025;0,052531; 0,1425 
27/03/2025;0,052531; 0,1425 
28/03/2025;0,052531; 0,1425 
31/03/2025;0,052531; 0,1425 
01/04/2025;0,052531; 0,1425 
02/04/2025;0,052531; 0,1425 
03/04/2025;0,052531; 0,1425 
04/04/2025;0,052531; 0,1425 
07/04/2025;0,052531; 0,1425 
08/04/2025;0,052531; 0,1425 
09/04/2025;0,052531; 0,1425 
10/04/2025;0,052531; 0,1425 
11/04/2025;0,052531; 0,1425 
14/04/2025;0,052531; 0,1425 
15/04/2025;0,052531; 0,1425 
16/04/2025;0,052531; 0,1425 
17/04/2025;0,052531; 0,1425 
22/04/2025;0,052531; 0,1425 
23/04/2025;0,052531; 0,1425 
24/04/2025;0,052531; 0,1425 
25/04/2025;0,052531; 0,1425 
28/04/2025;0,052531; 0,1425 
29/04/2025;0,052531; 0,1425 
30/04/2025;0,052531; 0,1425 
02/05/2025;0,052531; 0,1425 
05/05/2025;0,052531; 0,1425 
06/05/2025;0,052531; 0,1425 
07/05/2025;0,052531; 0,1425 
08/05/2025;0,054266; 0,1475 
09/05/2025;0,054266; 0,1475 
12/05/2025;0,054266; 0,1475 
13/05/2025;0,054266; 0,1475 
14/05/2025;0,054266; 0,1475 
15/05/2025;0,054266; 0,1475 
16/05/2025;0,054266; 0,1475 
;;
